{"cameraMode":{"drawMode":0,"name":"Shaded","section":"Shading Mode"},"sceneLighting":true,"audioPlay":false,"sceneViewState":{"m_AlwaysRefresh":false,"showFog":true,"showSkybox":true,"showFlares":true,"showImageEffects":true,"showParticleSystems":true,"showVisualEffectGraphs":true,"m_FxEnabled":true},"in2DMode":false,"pivot":{"x":67.86599731445313,"y":-13.328685760498047,"z":76.43473052978516},"rotation":{"x":0.0074996924959123138,"y":0.007499764673411846,"z":-0.00005625195990432985,"w":0.9999443292617798},"size":18.90401840209961,"orthographic":true}