{"cameraMode":{"drawMode":0,"name":"Shaded","section":"Shading Mode"},"sceneLighting":true,"audioPlay":false,"sceneViewState":{"m_AlwaysRefresh":false,"showFog":true,"showSkybox":true,"showFlares":true,"showImageEffects":true,"showParticleSystems":true,"showVisualEffectGraphs":true,"m_FxEnabled":true},"in2DMode":false,"pivot":{"x":-8.731315612792969,"y":7.402205467224121,"z":76.53527069091797},"rotation":{"x":0.0074996924959123138,"y":0.007499764673411846,"z":-0.00005625195990432985,"w":0.9999443292617798},"size":51.113529205322269,"orthographic":true}