{"cameraMode":{"drawMode":0,"name":"Shaded","section":"Shading Mode"},"sceneLighting":true,"audioPlay":false,"sceneViewState":{"m_AlwaysRefresh":false,"showFog":true,"showSkybox":true,"showFlares":true,"showImageEffects":true,"showParticleSystems":true,"showVisualEffectGraphs":true,"m_FxEnabled":true},"in2DMode":false,"pivot":{"x":5.708444595336914,"y":-5.611875534057617,"z":77.05180358886719},"rotation":{"x":0.0074996924959123138,"y":0.007499764673411846,"z":-0.00005625195990432985,"w":0.9999443292617798},"size":45.42460632324219,"orthographic":true}