{"cameraMode":{"drawMode":0,"name":"Shaded","section":"Shading Mode"},"sceneLighting":true,"audioPlay":false,"sceneViewState":{"m_AlwaysRefresh":false,"showFog":true,"showSkybox":true,"showFlares":true,"showImageEffects":true,"showParticleSystems":true,"showVisualEffectGraphs":true,"m_FxEnabled":true},"in2DMode":false,"pivot":{"x":67.09544372558594,"y":-12.177780151367188,"z":76.3326187133789},"rotation":{"x":0.0074996924959123138,"y":0.007499764673411846,"z":-0.00005625195990432985,"w":0.9999443292617798},"size":16.577800750732423,"orthographic":true}